SensorID,DeviceID,SensorType,Unit,CalibrationDate,Weather
1,166,SoilMoisture,°C,2022-12-29,Windy
2,367,CropHealth,pH,2021-06-08,Cloudy
3,75,Temperature,%,2021-04-05,Cloudy
4,67,Temperature,°C,2022-12-25,Sunny
5,79,Temperature,%,2021-04-06,Sunny
6,452,CropHealth,pH,2022-07-26,Snowy
7,24,Temperature,°C,2020-01-14,Sunny
8,22,CropHealth,%,2022-11-17,Windy
9,469,Humidity,%,2021-02-02,Windy
10,466,SoilMoisture,pH,2021-02-21,Cloudy
11,317,SoilMoisture,pH,2021-08-01,Windy
12,72,Temperature,pH,2020-02-02,Rainy
13,452,Humidity,°C,2022-03-28,Rainy
14,234,Temperature,°C,2020-01-07,Cloudy
15,213,SoilMoisture,%,2020-12-31,Rainy
16,285,Temperature,pH,2022-05-20,Cloudy
17,257,Temperature,pH,2021-02-20,Snowy
18,262,Temperature,pH,2021-01-24,Windy
19,349,SoilMoisture,%,2022-07-12,Windy
20,480,Temperature,°C,2022-11-16,Windy
21,30,CropHealth,°C,2022-02-19,Snowy
22,235,Temperature,%,2020-02-22,Sunny
23,446,Humidity,°C,2022-02-10,Rainy
24,225,Humidity,°C,2022-10-24,Rainy
25,457,SoilMoisture,pH,2022-10-01,Windy
26,263,Temperature,°C,2022-06-30,Windy
27,82,Temperature,%,2021-07-09,Windy
28,3,SoilMoisture,%,2022-08-28,Sunny
29,55,SoilMoisture,%,2021-10-07,Sunny
30,396,CropHealth,°C,2022-09-30,Sunny
31,369,CropHealth,°C,2022-03-30,Sunny
32,74,SoilMoisture,%,2021-10-17,Sunny
33,50,CropHealth,°C,2020-12-12,Snowy
34,486,Humidity,%,2022-08-03,Cloudy
35,434,Humidity,°C,2021-02-17,Rainy
36,236,CropHealth,pH,2021-07-10,Snowy
37,6,Humidity,°C,2022-10-14,Snowy
38,228,Humidity,pH,2022-07-25,Snowy
39,461,CropHealth,%,2020-05-02,Snowy
40,342,SoilMoisture,%,2020-03-16,Windy
41,231,Humidity,°C,2021-03-06,Rainy
42,247,Temperature,%,2022-11-17,Windy
43,33,Temperature,pH,2021-02-22,Windy
44,377,CropHealth,%,2021-02-23,Cloudy
45,371,CropHealth,°C,2022-02-07,Cloudy
46,195,Temperature,pH,2022-06-25,Rainy
47,124,CropHealth,°C,2020-05-30,Rainy
48,319,Humidity,°C,2020-02-01,Sunny
49,47,Humidity,%,2022-04-01,Rainy
50,177,SoilMoisture,°C,2021-09-08,Cloudy
51,392,CropHealth,pH,2020-04-27,Sunny
52,459,Temperature,°C,2022-06-09,Windy
53,123,SoilMoisture,%,2020-02-15,Windy
54,408,SoilMoisture,pH,2020-07-25,Rainy
55,246,SoilMoisture,%,2020-09-27,Windy
56,110,Temperature,%,2022-08-04,Sunny
57,35,SoilMoisture,%,2021-03-15,Rainy
58,403,CropHealth,%,2022-03-11,Cloudy
59,92,SoilMoisture,pH,2020-05-18,Cloudy
60,237,CropHealth,°C,2020-12-17,Cloudy
61,305,CropHealth,pH,2021-10-15,Snowy
62,265,CropHealth,°C,2022-11-10,Sunny
63,145,SoilMoisture,pH,2021-10-02,Cloudy
64,28,SoilMoisture,°C,2022-07-25,Cloudy
65,304,Temperature,pH,2021-04-26,Rainy
66,77,SoilMoisture,°C,2022-02-06,Windy
67,200,CropHealth,%,2020-12-16,Snowy
68,52,Temperature,°C,2021-05-09,Sunny
69,472,Humidity,pH,2020-08-23,Snowy
70,493,Humidity,pH,2021-09-11,Snowy
71,254,Humidity,°C,2020-03-27,Sunny
72,427,CropHealth,pH,2020-09-10,Windy
73,82,Humidity,°C,2021-07-19,Cloudy
74,134,SoilMoisture,pH,2021-10-12,Sunny
75,89,Temperature,°C,2021-07-11,Sunny
76,282,SoilMoisture,pH,2020-01-21,Cloudy
77,254,CropHealth,%,2022-12-13,Cloudy
78,379,CropHealth,pH,2022-10-26,Cloudy
79,132,CropHealth,pH,2022-11-15,Sunny
80,421,Humidity,%,2021-12-14,Cloudy
81,378,CropHealth,°C,2021-11-04,Windy
82,150,Temperature,pH,2020-10-03,Cloudy
83,231,Temperature,%,2021-12-11,Snowy
84,21,SoilMoisture,pH,2022-03-03,Snowy
85,451,Temperature,°C,2021-02-12,Sunny
86,58,Humidity,pH,2022-01-18,Windy
87,274,Humidity,°C,2022-10-11,Cloudy
88,490,Temperature,pH,2021-07-29,Snowy
89,282,CropHealth,°C,2021-11-15,Windy
90,10,Humidity,pH,2020-09-22,Snowy
91,224,CropHealth,°C,2020-04-03,Windy
92,255,SoilMoisture,°C,2021-11-02,Snowy
93,14,Humidity,pH,2020-08-23,Snowy
94,106,Humidity,°C,2020-05-20,Cloudy
95,316,Humidity,pH,2021-04-04,Snowy
96,74,Temperature,%,2021-06-22,Sunny
97,15,Humidity,%,2020-06-17,Cloudy
98,274,SoilMoisture,%,2021-04-23,Cloudy
99,488,CropHealth,pH,2022-12-19,Windy
100,396,Humidity,%,2020-07-16,Windy
101,328,CropHealth,°C,2022-08-17,Cloudy
102,303,Humidity,°C,2020-08-05,Rainy
103,31,Humidity,%,2022-03-19,Cloudy
104,426,SoilMoisture,pH,2021-07-20,Rainy
105,162,CropHealth,pH,2022-01-13,Sunny
106,136,CropHealth,pH,2022-07-10,Cloudy
107,383,Humidity,°C,2021-08-28,Sunny
108,450,Humidity,%,2022-06-11,Snowy
109,331,SoilMoisture,pH,2020-01-18,Snowy
110,370,SoilMoisture,°C,2022-06-05,Rainy
111,429,CropHealth,°C,2022-08-30,Snowy
112,481,CropHealth,°C,2021-10-15,Cloudy
113,446,CropHealth,°C,2022-09-13,Cloudy
114,138,CropHealth,°C,2020-03-20,Cloudy
115,264,CropHealth,°C,2021-03-14,Sunny
116,73,CropHealth,%,2022-11-12,Cloudy
117,235,Temperature,%,2022-05-11,Windy
118,9,Temperature,%,2021-03-17,Sunny
119,464,Temperature,pH,2021-02-09,Windy
120,118,SoilMoisture,%,2022-05-30,Snowy
121,155,Temperature,%,2020-07-08,Snowy
122,95,SoilMoisture,°C,2021-11-21,Sunny
123,9,SoilMoisture,%,2020-06-11,Windy
124,11,Temperature,%,2022-03-08,Windy
125,411,Humidity,pH,2021-05-05,Sunny
126,218,Temperature,%,2022-12-11,Snowy
127,337,Temperature,°C,2020-10-22,Windy
128,277,SoilMoisture,°C,2020-02-27,Windy
129,249,CropHealth,%,2021-03-20,Sunny
130,59,Humidity,°C,2022-07-24,Snowy
131,452,SoilMoisture,%,2021-10-31,Sunny
132,31,SoilMoisture,%,2020-10-01,Sunny
133,54,CropHealth,°C,2022-07-18,Snowy
134,425,SoilMoisture,%,2020-05-02,Sunny
135,410,SoilMoisture,%,2020-04-06,Rainy
136,361,CropHealth,°C,2022-02-20,Rainy
137,217,Temperature,%,2021-10-05,Cloudy
138,423,Humidity,°C,2020-04-20,Sunny
139,19,SoilMoisture,%,2020-11-11,Sunny
140,43,CropHealth,°C,2020-04-09,Cloudy
141,497,CropHealth,°C,2021-11-08,Sunny
142,431,Humidity,%,2021-01-15,Snowy
143,120,Humidity,pH,2021-05-27,Sunny
144,96,Humidity,°C,2021-07-08,Cloudy
145,119,Humidity,%,2020-01-17,Cloudy
146,20,Temperature,pH,2021-05-09,Cloudy
147,297,SoilMoisture,pH,2020-05-17,Windy
148,234,Humidity,pH,2021-05-27,Windy
149,479,CropHealth,pH,2021-09-04,Sunny
150,414,Temperature,pH,2020-07-05,Windy
151,362,CropHealth,°C,2021-10-18,Rainy
152,99,Humidity,pH,2022-07-26,Sunny
153,174,CropHealth,°C,2020-07-10,Sunny
154,348,SoilMoisture,°C,2022-02-19,Rainy
155,53,Humidity,pH,2022-01-12,Rainy
156,186,SoilMoisture,pH,2021-11-08,Cloudy
157,45,SoilMoisture,°C,2020-02-26,Cloudy
158,426,Humidity,°C,2022-10-09,Snowy
159,315,Humidity,°C,2020-09-02,Cloudy
160,229,Temperature,pH,2021-08-24,Sunny
161,406,Temperature,pH,2020-06-24,Snowy
162,107,Humidity,°C,2021-09-18,Sunny
163,497,Temperature,°C,2021-08-15,Cloudy
164,91,SoilMoisture,%,2021-03-18,Cloudy
165,177,SoilMoisture,°C,2020-05-17,Windy
166,464,Humidity,%,2020-11-07,Cloudy
167,61,SoilMoisture,°C,2022-03-06,Snowy
168,488,CropHealth,°C,2020-04-09,Sunny
169,132,Temperature,pH,2021-01-04,Sunny
170,34,SoilMoisture,pH,2020-03-22,Snowy
171,132,CropHealth,%,2022-09-06,Cloudy
172,324,SoilMoisture,°C,2022-06-05,Windy
173,384,Humidity,pH,2022-08-14,Sunny
174,170,SoilMoisture,%,2020-06-26,Windy
175,335,Humidity,pH,2021-12-30,Rainy
176,344,Humidity,%,2020-11-12,Rainy
177,361,Humidity,°C,2020-08-29,Cloudy
178,378,Humidity,pH,2021-03-19,Sunny
179,434,SoilMoisture,°C,2021-03-30,Snowy
180,222,SoilMoisture,°C,2022-11-09,Rainy
181,346,CropHealth,%,2021-07-29,Sunny
182,55,CropHealth,%,2022-02-16,Rainy
183,10,SoilMoisture,pH,2021-10-06,Snowy
184,332,CropHealth,%,2022-02-09,Snowy
185,325,CropHealth,°C,2021-12-08,Rainy
186,388,Temperature,pH,2022-11-07,Rainy
187,257,Humidity,pH,2020-03-25,Sunny
188,443,SoilMoisture,%,2022-11-10,Sunny
189,432,SoilMoisture,°C,2021-06-01,Cloudy
190,83,Temperature,%,2020-05-26,Snowy
191,483,Temperature,pH,2022-08-16,Cloudy
192,91,CropHealth,pH,2022-03-21,Cloudy
193,445,SoilMoisture,%,2022-05-29,Cloudy
194,49,Temperature,°C,2021-02-05,Cloudy
195,78,Temperature,°C,2020-01-31,Rainy
196,305,SoilMoisture,%,2021-06-02,Snowy
197,385,Temperature,%,2021-11-28,Snowy
198,6,Humidity,°C,2021-07-23,Snowy
199,153,Humidity,%,2021-07-23,Windy
200,143,Humidity,°C,2021-03-03,Snowy
201,62,SoilMoisture,pH,2021-05-07,Windy
202,222,Humidity,pH,2022-10-23,Sunny
203,305,CropHealth,°C,2022-10-17,Rainy
204,383,Temperature,°C,2022-05-31,Windy
205,401,CropHealth,pH,2020-06-01,Rainy
206,184,CropHealth,°C,2022-10-15,Cloudy
207,211,CropHealth,°C,2021-04-23,Sunny
208,115,CropHealth,%,2022-08-19,Cloudy
209,458,Temperature,%,2020-08-03,Sunny
210,175,SoilMoisture,%,2020-01-02,Windy
211,12,Humidity,pH,2022-04-18,Cloudy
212,303,Humidity,°C,2022-06-02,Sunny
213,50,Humidity,%,2021-01-16,Rainy
214,131,SoilMoisture,pH,2021-07-19,Sunny
215,131,SoilMoisture,pH,2021-05-26,Rainy
216,350,Temperature,°C,2020-06-03,Windy
217,451,Temperature,pH,2020-08-23,Windy
218,73,Temperature,%,2022-11-02,Windy
219,427,CropHealth,%,2020-09-15,Snowy
220,57,Temperature,°C,2021-03-23,Cloudy
221,452,Temperature,pH,2020-03-14,Cloudy
222,480,SoilMoisture,%,2020-04-26,Windy
223,387,SoilMoisture,%,2022-11-07,Sunny
224,137,Humidity,%,2022-01-31,Rainy
225,260,Temperature,°C,2022-11-01,Snowy
226,494,Humidity,%,2022-03-23,Rainy
227,248,CropHealth,%,2021-01-20,Sunny
228,457,SoilMoisture,pH,2021-02-18,Windy
229,69,Temperature,°C,2022-12-22,Windy
230,484,Humidity,pH,2020-09-13,Rainy
231,441,CropHealth,%,2020-10-14,Snowy
232,469,Humidity,°C,2021-06-21,Windy
233,446,CropHealth,°C,2020-02-23,Windy
234,333,Humidity,pH,2020-12-13,Sunny
235,279,SoilMoisture,%,2021-03-28,Rainy
236,323,Temperature,°C,2020-02-21,Snowy
237,273,SoilMoisture,°C,2021-12-25,Snowy
238,337,Temperature,°C,2021-02-28,Windy
239,392,Temperature,°C,2020-08-17,Windy
240,347,Humidity,pH,2022-08-17,Rainy
241,335,SoilMoisture,%,2021-06-03,Cloudy
242,5,SoilMoisture,°C,2020-11-12,Windy
243,341,Humidity,pH,2021-01-05,Cloudy
244,210,SoilMoisture,%,2022-05-31,Snowy
245,373,Humidity,pH,2021-03-22,Cloudy
246,293,CropHealth,%,2021-10-25,Rainy
247,258,Temperature,°C,2021-09-05,Cloudy
248,339,Humidity,%,2022-03-25,Snowy
249,173,SoilMoisture,%,2021-02-10,Cloudy
250,470,Humidity,pH,2021-07-05,Windy
251,102,SoilMoisture,%,2020-12-19,Cloudy
252,158,CropHealth,pH,2021-04-14,Windy
253,473,Temperature,%,2020-04-18,Snowy
254,243,Humidity,%,2022-10-31,Sunny
255,18,SoilMoisture,°C,2021-03-15,Sunny
256,434,Temperature,%,2022-10-23,Rainy
257,221,Temperature,%,2021-02-07,Cloudy
258,10,SoilMoisture,°C,2020-11-29,Windy
259,49,Temperature,°C,2020-09-29,Windy
260,289,Temperature,°C,2022-01-19,Snowy
261,206,CropHealth,°C,2020-12-05,Snowy
262,76,CropHealth,pH,2021-01-28,Cloudy
263,33,CropHealth,%,2021-03-13,Rainy
264,258,SoilMoisture,pH,2020-09-14,Snowy
265,114,SoilMoisture,°C,2021-03-31,Windy
266,34,SoilMoisture,%,2021-04-08,Cloudy
267,62,Temperature,%,2020-11-21,Snowy
268,273,CropHealth,%,2022-07-26,Rainy
269,382,CropHealth,°C,2021-02-15,Snowy
270,482,Humidity,pH,2021-08-05,Windy
271,295,Humidity,%,2021-10-02,Cloudy
272,390,SoilMoisture,pH,2021-03-21,Snowy
273,458,Temperature,%,2021-10-14,Rainy
274,439,Temperature,%,2021-07-28,Cloudy
275,282,SoilMoisture,pH,2022-07-07,Rainy
276,158,Temperature,%,2021-11-18,Cloudy
277,20,SoilMoisture,°C,2020-08-06,Snowy
278,288,Temperature,°C,2020-07-31,Windy
279,255,Humidity,%,2022-12-23,Snowy
280,133,Temperature,pH,2021-09-23,Rainy
281,40,Humidity,°C,2021-02-18,Cloudy
282,281,CropHealth,°C,2020-01-20,Cloudy
283,155,CropHealth,°C,2022-05-08,Snowy
284,76,Humidity,°C,2020-08-07,Cloudy
285,231,SoilMoisture,%,2022-12-11,Cloudy
286,345,Temperature,°C,2022-05-23,Rainy
287,145,Humidity,%,2020-12-14,Snowy
288,443,SoilMoisture,°C,2021-07-04,Sunny
289,125,SoilMoisture,pH,2021-01-04,Windy
290,409,CropHealth,°C,2020-10-01,Snowy
291,146,CropHealth,%,2022-01-15,Snowy
292,383,CropHealth,%,2020-07-17,Windy
293,379,Humidity,°C,2021-05-15,Cloudy
294,317,Temperature,°C,2020-08-05,Rainy
295,426,Temperature,°C,2020-12-27,Snowy
296,451,Temperature,°C,2020-03-02,Sunny
297,220,Temperature,°C,2022-05-09,Snowy
298,116,SoilMoisture,°C,2022-12-23,Snowy
299,493,SoilMoisture,pH,2021-10-19,Cloudy
300,422,SoilMoisture,%,2022-04-22,Snowy
301,182,CropHealth,°C,2022-02-17,Windy
302,117,SoilMoisture,°C,2022-12-29,Snowy
303,467,Temperature,%,2022-01-10,Snowy
304,40,SoilMoisture,°C,2021-10-15,Rainy
305,446,Temperature,pH,2021-09-27,Snowy
306,459,SoilMoisture,°C,2022-01-01,Cloudy
307,406,SoilMoisture,pH,2022-12-24,Rainy
308,288,CropHealth,°C,2022-11-29,Windy
309,462,Temperature,°C,2021-11-09,Cloudy
310,258,Temperature,°C,2021-10-19,Rainy
311,67,SoilMoisture,%,2020-06-06,Snowy
312,464,CropHealth,pH,2021-06-08,Sunny
313,192,CropHealth,°C,2022-04-23,Windy
314,271,Humidity,°C,2021-12-26,Rainy
315,4,CropHealth,pH,2020-05-28,Rainy
316,48,Humidity,pH,2022-01-19,Cloudy
317,239,CropHealth,%,2022-11-15,Rainy
318,270,SoilMoisture,pH,2021-08-10,Snowy
319,123,CropHealth,°C,2022-11-06,Sunny
320,349,CropHealth,pH,2020-02-02,Rainy
321,453,CropHealth,pH,2021-11-09,Sunny
322,312,SoilMoisture,%,2022-08-12,Snowy
323,49,Temperature,%,2021-01-23,Rainy
324,70,SoilMoisture,°C,2021-01-25,Cloudy
325,267,SoilMoisture,%,2021-09-21,Rainy
326,345,Temperature,%,2022-11-16,Snowy
327,168,CropHealth,pH,2020-01-17,Rainy
328,33,Temperature,%,2021-02-18,Windy
329,80,Temperature,%,2021-03-09,Windy
330,123,Humidity,pH,2022-02-04,Sunny
331,360,CropHealth,pH,2022-07-10,Windy
332,373,SoilMoisture,%,2021-12-03,Windy
333,487,CropHealth,%,2021-08-29,Cloudy
334,109,Temperature,°C,2021-04-24,Cloudy
335,160,SoilMoisture,%,2022-01-03,Cloudy
336,111,Temperature,°C,2020-08-24,Windy
337,435,SoilMoisture,°C,2022-03-07,Cloudy
338,231,Humidity,pH,2022-08-27,Rainy
339,350,SoilMoisture,°C,2020-12-16,Snowy
340,17,Humidity,%,2021-01-17,Rainy
341,77,CropHealth,°C,2022-10-14,Sunny
342,461,Temperature,pH,2022-04-23,Windy
343,250,CropHealth,°C,2022-01-24,Windy
344,387,SoilMoisture,%,2020-12-01,Snowy
345,414,CropHealth,pH,2020-10-20,Rainy
346,486,CropHealth,°C,2021-06-18,Windy
347,4,Temperature,pH,2021-12-10,Snowy
348,234,Temperature,%,2020-10-29,Windy
349,388,CropHealth,%,2022-05-05,Snowy
350,171,SoilMoisture,pH,2020-04-01,Windy
351,345,CropHealth,pH,2022-05-18,Snowy
352,195,Humidity,pH,2021-04-19,Cloudy
353,8,Temperature,%,2022-06-07,Sunny
354,42,Humidity,pH,2021-05-02,Rainy
355,43,CropHealth,pH,2020-07-28,Snowy
356,123,Temperature,°C,2020-03-13,Cloudy
357,78,Temperature,%,2020-01-12,Rainy
358,56,CropHealth,pH,2020-01-16,Rainy
359,158,Humidity,°C,2022-08-27,Windy
360,170,Humidity,%,2021-07-25,Windy
361,74,CropHealth,%,2022-04-26,Sunny
362,497,Temperature,pH,2021-04-06,Windy
363,489,Temperature,%,2020-04-12,Rainy
364,428,CropHealth,%,2020-04-19,Cloudy
365,210,Humidity,pH,2022-03-30,Sunny
366,5,Temperature,pH,2021-01-01,Rainy
367,220,SoilMoisture,°C,2021-07-04,Rainy
368,187,SoilMoisture,°C,2020-01-18,Cloudy
369,65,Humidity,%,2022-04-04,Sunny
370,477,Temperature,%,2022-04-04,Sunny
371,419,Humidity,°C,2022-08-15,Cloudy
372,431,CropHealth,°C,2022-10-21,Snowy
373,256,CropHealth,%,2020-07-19,Sunny
374,56,CropHealth,%,2022-06-26,Rainy
375,348,CropHealth,°C,2020-07-14,Snowy
376,303,Humidity,pH,2021-06-15,Snowy
377,135,SoilMoisture,°C,2022-07-24,Cloudy
378,341,Temperature,°C,2022-05-23,Cloudy
379,73,Humidity,%,2021-10-03,Windy
380,257,CropHealth,°C,2022-04-20,Cloudy
381,137,CropHealth,%,2022-03-04,Sunny
382,282,SoilMoisture,%,2021-06-24,Windy
383,422,SoilMoisture,pH,2020-03-28,Sunny
384,313,Temperature,°C,2022-01-10,Snowy
385,216,Humidity,%,2020-06-01,Windy
386,190,Humidity,°C,2020-08-15,Cloudy
387,403,SoilMoisture,pH,2020-06-12,Snowy
388,211,Humidity,pH,2020-11-01,Snowy
389,283,CropHealth,°C,2021-10-02,Snowy
390,375,CropHealth,pH,2021-11-12,Windy
391,336,CropHealth,pH,2022-09-09,Windy
392,131,SoilMoisture,pH,2022-08-11,Rainy
393,132,SoilMoisture,%,2020-03-08,Snowy
394,43,Humidity,°C,2021-04-21,Cloudy
395,316,Humidity,pH,2021-11-09,Windy
396,445,Humidity,°C,2020-11-05,Cloudy
397,190,SoilMoisture,pH,2021-01-12,Windy
398,451,Temperature,pH,2020-06-23,Windy
399,275,CropHealth,°C,2020-11-19,Sunny
400,377,SoilMoisture,%,2022-03-15,Cloudy
401,418,CropHealth,°C,2022-01-06,Cloudy
402,96,Humidity,pH,2021-01-29,Snowy
403,158,SoilMoisture,°C,2021-02-06,Snowy
404,9,Humidity,°C,2021-02-26,Rainy
405,205,Humidity,°C,2021-05-07,Rainy
406,284,Temperature,°C,2021-09-21,Snowy
407,108,SoilMoisture,pH,2020-12-23,Snowy
408,97,CropHealth,%,2021-06-18,Windy
409,167,Temperature,°C,2021-10-04,Sunny
410,22,Humidity,pH,2020-05-09,Cloudy
411,456,Temperature,°C,2021-02-19,Rainy
412,214,Temperature,%,2020-07-19,Snowy
413,361,SoilMoisture,°C,2021-10-18,Sunny
414,266,CropHealth,%,2022-02-24,Rainy
415,340,SoilMoisture,°C,2022-05-25,Snowy
416,262,Humidity,%,2020-06-25,Cloudy
417,94,Humidity,°C,2021-12-07,Rainy
418,185,CropHealth,°C,2022-07-09,Cloudy
419,121,CropHealth,%,2022-05-26,Cloudy
420,393,CropHealth,%,2022-06-19,Rainy
421,342,Temperature,°C,2020-07-16,Rainy
422,231,CropHealth,%,2022-07-18,Windy
423,128,SoilMoisture,°C,2022-07-24,Sunny
424,146,Temperature,%,2022-01-18,Sunny
425,96,CropHealth,pH,2022-11-17,Snowy
426,417,Temperature,%,2021-11-10,Windy
427,401,Humidity,°C,2021-08-28,Snowy
428,361,Temperature,°C,2020-01-02,Sunny
429,433,SoilMoisture,pH,2022-08-04,Rainy
430,410,Temperature,pH,2021-11-29,Sunny
431,344,Humidity,%,2021-12-01,Sunny
432,231,Humidity,°C,2022-12-20,Cloudy
433,401,SoilMoisture,pH,2022-10-14,Sunny
434,368,CropHealth,pH,2022-05-22,Windy
435,64,Humidity,pH,2020-09-19,Rainy
436,160,Humidity,°C,2021-12-18,Rainy
437,386,SoilMoisture,°C,2021-12-01,Cloudy
438,25,Temperature,pH,2021-09-19,Sunny
439,80,CropHealth,°C,2021-12-14,Cloudy
440,445,SoilMoisture,pH,2021-08-11,Rainy
441,381,CropHealth,°C,2022-05-03,Sunny
442,404,SoilMoisture,°C,2022-10-29,Rainy
443,113,CropHealth,pH,2021-03-03,Snowy
444,155,CropHealth,%,2021-10-02,Snowy
445,394,Humidity,%,2021-08-15,Windy
446,3,Temperature,pH,2021-10-14,Snowy
447,89,Humidity,pH,2021-06-24,Windy
448,283,Temperature,%,2022-06-10,Rainy
449,366,Temperature,pH,2020-03-21,Sunny
450,154,SoilMoisture,%,2022-01-01,Cloudy
451,117,Temperature,°C,2020-04-24,Snowy
452,31,Temperature,°C,2022-08-12,Sunny
453,269,Humidity,pH,2022-12-23,Rainy
454,3,Humidity,°C,2021-02-25,Rainy
455,160,SoilMoisture,°C,2020-04-19,Cloudy
456,363,SoilMoisture,%,2021-06-13,Sunny
457,69,Temperature,pH,2021-03-26,Windy
458,285,Temperature,pH,2020-09-24,Cloudy
459,223,Temperature,°C,2022-09-25,Cloudy
460,39,CropHealth,pH,2020-02-06,Cloudy
461,467,CropHealth,%,2022-04-14,Windy
462,59,Humidity,°C,2021-11-09,Snowy
463,344,Humidity,pH,2020-03-30,Windy
464,99,SoilMoisture,pH,2022-04-22,Windy
465,168,SoilMoisture,pH,2020-05-29,Cloudy
466,252,CropHealth,°C,2021-05-28,Rainy
467,474,Temperature,%,2021-11-23,Sunny
468,44,Temperature,%,2022-01-25,Windy
469,314,Humidity,pH,2020-05-03,Rainy
470,201,Humidity,%,2021-01-21,Snowy
471,109,Temperature,°C,2022-12-27,Sunny
472,161,CropHealth,°C,2021-10-19,Rainy
473,361,SoilMoisture,%,2020-05-30,Cloudy
474,339,CropHealth,°C,2022-06-06,Snowy
475,239,SoilMoisture,°C,2022-04-14,Cloudy
476,60,CropHealth,°C,2020-07-21,Rainy
477,411,SoilMoisture,pH,2021-03-17,Cloudy
478,272,SoilMoisture,pH,2020-07-25,Snowy
479,297,CropHealth,pH,2021-05-26,Windy
480,315,Temperature,°C,2020-12-29,Snowy
481,428,CropHealth,°C,2022-03-31,Snowy
482,33,Humidity,°C,2020-09-04,Windy
483,22,Humidity,%,2022-04-09,Windy
484,491,SoilMoisture,pH,2020-05-31,Rainy
485,441,Temperature,pH,2020-05-18,Snowy
486,73,Temperature,%,2021-09-27,Rainy
487,427,CropHealth,%,2021-03-26,Snowy
488,498,SoilMoisture,°C,2020-01-20,Windy
489,196,Temperature,%,2021-05-16,Cloudy
490,436,Temperature,°C,2021-03-21,Rainy
491,231,CropHealth,%,2021-06-15,Snowy
492,99,Temperature,pH,2020-05-23,Rainy
493,463,SoilMoisture,%,2020-05-23,Sunny
494,43,CropHealth,°C,2020-09-05,Windy
495,136,CropHealth,°C,2021-04-15,Cloudy
496,291,SoilMoisture,%,2022-12-02,Snowy
497,26,CropHealth,pH,2020-10-15,Sunny
498,39,SoilMoisture,°C,2021-08-14,Rainy
499,45,Humidity,°C,2020-10-19,Sunny
500,8,Humidity,pH,2022-04-15,Snowy
501,95,CropHealth,°C,2022-08-17,Snowy
502,479,CropHealth,°C,2020-06-26,Snowy
503,190,CropHealth,%,2020-12-15,Cloudy
504,378,SoilMoisture,%,2020-02-04,Cloudy
505,221,CropHealth,°C,2020-05-30,Rainy
506,396,Temperature,pH,2022-02-23,Windy
507,149,SoilMoisture,%,2022-09-21,Cloudy
508,153,Humidity,%,2021-10-07,Windy
509,51,CropHealth,pH,2022-06-23,Windy
510,390,Temperature,pH,2020-02-19,Sunny
511,430,Humidity,°C,2020-05-10,Snowy
512,383,CropHealth,°C,2021-02-10,Rainy
513,37,Humidity,°C,2022-09-25,Rainy
514,3,CropHealth,pH,2022-03-06,Windy
515,249,Humidity,%,2022-05-13,Snowy
516,390,Temperature,pH,2021-07-05,Rainy
517,111,Temperature,pH,2022-09-24,Sunny
518,82,SoilMoisture,%,2020-08-06,Cloudy
519,450,SoilMoisture,%,2022-11-03,Cloudy
520,224,SoilMoisture,%,2020-04-16,Snowy
521,98,CropHealth,pH,2020-03-11,Windy
522,237,Humidity,%,2020-07-15,Cloudy
523,26,SoilMoisture,%,2022-04-14,Cloudy
524,282,CropHealth,pH,2020-03-02,Windy
525,11,CropHealth,%,2022-10-30,Windy
526,106,Temperature,%,2021-06-03,Sunny
527,238,CropHealth,°C,2021-06-14,Rainy
528,385,Temperature,%,2022-06-27,Snowy
529,208,CropHealth,pH,2022-05-27,Windy
530,383,Humidity,%,2022-01-13,Rainy
531,78,Temperature,°C,2022-12-12,Snowy
532,74,Humidity,°C,2022-02-28,Cloudy
533,206,Temperature,%,2022-07-16,Sunny
534,343,Humidity,%,2022-07-04,Rainy
535,410,Humidity,°C,2022-02-10,Rainy
536,490,Temperature,%,2022-10-25,Cloudy
537,61,CropHealth,°C,2021-03-11,Sunny
538,292,SoilMoisture,%,2020-06-08,Snowy
539,305,Temperature,%,2020-12-09,Sunny
540,332,SoilMoisture,pH,2022-06-10,Cloudy
541,325,Temperature,%,2022-02-25,Cloudy
542,415,SoilMoisture,°C,2021-12-22,Snowy
543,99,Humidity,%,2020-05-10,Windy
544,454,Humidity,%,2022-03-19,Cloudy
545,262,Temperature,pH,2022-12-23,Rainy
546,347,SoilMoisture,°C,2021-05-23,Snowy
547,82,CropHealth,%,2021-09-11,Cloudy
548,234,Humidity,pH,2022-11-20,Windy
549,170,CropHealth,°C,2021-05-09,Rainy
550,328,Temperature,%,2020-03-26,Cloudy
551,149,CropHealth,°C,2022-03-12,Snowy
552,159,Humidity,°C,2022-05-27,Sunny
553,17,Temperature,pH,2021-08-04,Windy
554,490,CropHealth,%,2021-03-28,Cloudy
555,247,SoilMoisture,%,2020-03-22,Cloudy
556,458,SoilMoisture,pH,2020-08-27,Cloudy
557,341,SoilMoisture,%,2021-01-25,Sunny
558,446,Humidity,%,2021-04-19,Snowy
559,282,Humidity,pH,2020-02-22,Windy
560,247,SoilMoisture,%,2021-07-19,Sunny
561,9,Humidity,°C,2021-09-02,Snowy
562,58,Temperature,%,2021-11-01,Sunny
563,17,SoilMoisture,pH,2021-05-01,Rainy
564,319,Temperature,pH,2020-08-27,Sunny
565,28,CropHealth,°C,2021-10-26,Snowy
566,170,Temperature,pH,2020-09-10,Sunny
567,40,Temperature,%,2022-06-27,Sunny
568,276,Temperature,pH,2022-08-27,Sunny
569,399,SoilMoisture,°C,2022-09-06,Cloudy
570,184,SoilMoisture,%,2021-05-27,Windy
571,491,Temperature,°C,2020-04-18,Sunny
572,197,SoilMoisture,%,2021-09-25,Cloudy
573,246,Temperature,pH,2020-05-19,Snowy
574,201,Humidity,%,2022-10-07,Windy
575,385,Humidity,%,2021-10-23,Snowy
576,56,Temperature,%,2021-10-06,Cloudy
577,275,Temperature,pH,2022-05-01,Cloudy
578,116,CropHealth,%,2020-04-28,Cloudy
579,74,CropHealth,°C,2020-04-04,Rainy
580,452,CropHealth,%,2020-01-14,Rainy
581,113,Temperature,°C,2022-06-04,Windy
582,55,CropHealth,pH,2022-09-30,Windy
583,303,Humidity,°C,2020-02-09,Sunny
584,223,Humidity,%,2020-07-16,Sunny
585,422,SoilMoisture,°C,2020-04-30,Rainy
586,311,Temperature,%,2022-10-21,Snowy
587,332,Temperature,°C,2021-01-29,Rainy
588,495,Temperature,°C,2020-07-10,Sunny
589,187,Humidity,%,2022-03-10,Snowy
590,47,Humidity,°C,2022-08-09,Snowy
591,330,SoilMoisture,°C,2020-09-16,Sunny
592,308,Temperature,pH,2022-01-29,Windy
593,35,CropHealth,%,2022-08-29,Snowy
594,394,Humidity,°C,2021-08-26,Rainy
595,422,SoilMoisture,°C,2021-06-06,Snowy
596,168,SoilMoisture,°C,2020-10-31,Sunny
597,426,SoilMoisture,pH,2021-03-14,Windy
598,234,Humidity,%,2020-01-17,Rainy
599,96,SoilMoisture,%,2022-04-05,Cloudy
600,77,Humidity,°C,2022-08-18,Rainy
601,58,Humidity,%,2021-05-20,Snowy
602,63,CropHealth,%,2021-06-05,Rainy
603,52,Temperature,pH,2022-12-20,Windy
604,100,CropHealth,°C,2022-06-19,Snowy
605,440,SoilMoisture,°C,2021-07-02,Snowy
606,346,Humidity,°C,2021-09-25,Windy
607,468,Temperature,pH,2020-05-30,Snowy
608,130,CropHealth,°C,2021-08-08,Rainy
609,277,Humidity,pH,2021-08-06,Rainy
610,50,Temperature,pH,2021-04-07,Windy
611,326,Temperature,%,2021-06-04,Windy
612,469,Temperature,%,2022-12-23,Snowy
613,171,CropHealth,pH,2022-12-17,Cloudy
614,222,Humidity,pH,2021-08-15,Cloudy
615,175,CropHealth,°C,2021-05-06,Rainy
616,10,Temperature,%,2020-12-20,Snowy
617,136,CropHealth,°C,2022-03-31,Rainy
618,398,SoilMoisture,%,2021-04-08,Sunny
619,42,Temperature,°C,2021-08-14,Windy
620,356,Temperature,pH,2021-03-06,Windy
621,209,Humidity,°C,2022-10-16,Sunny
622,277,Temperature,pH,2021-11-10,Cloudy
623,43,Temperature,°C,2021-03-10,Snowy
624,126,CropHealth,°C,2021-09-09,Cloudy
625,185,Humidity,pH,2021-01-07,Cloudy
626,78,Temperature,pH,2020-09-22,Windy
627,177,Temperature,pH,2021-02-08,Snowy
628,375,SoilMoisture,pH,2020-11-28,Cloudy
629,29,CropHealth,°C,2022-11-21,Rainy
630,398,Temperature,°C,2021-12-21,Snowy
631,137,Humidity,%,2020-11-13,Rainy
632,354,Humidity,°C,2020-02-10,Cloudy
633,216,CropHealth,%,2021-09-15,Sunny
634,387,Humidity,pH,2022-01-10,Rainy
635,129,CropHealth,%,2020-06-02,Snowy
636,350,SoilMoisture,pH,2020-10-09,Rainy
637,240,SoilMoisture,%,2020-07-28,Snowy
638,69,Temperature,°C,2022-04-22,Snowy
639,284,Humidity,pH,2022-12-13,Cloudy
640,95,CropHealth,°C,2022-04-04,Cloudy
641,159,SoilMoisture,°C,2021-05-29,Cloudy
642,461,Temperature,%,2022-08-12,Cloudy
643,172,CropHealth,°C,2022-04-08,Snowy
644,94,Humidity,pH,2022-07-15,Windy
645,432,SoilMoisture,pH,2020-01-01,Rainy
646,177,CropHealth,%,2020-03-31,Snowy
647,74,SoilMoisture,°C,2020-05-17,Cloudy
648,251,SoilMoisture,°C,2021-05-10,Rainy
649,16,SoilMoisture,%,2020-10-13,Windy
650,325,Humidity,pH,2021-01-06,Windy
651,396,CropHealth,pH,2021-08-30,Snowy
652,365,Temperature,°C,2020-07-14,Cloudy
653,55,Humidity,°C,2021-08-22,Windy
654,56,Humidity,pH,2021-08-22,Windy
655,115,Humidity,°C,2022-05-10,Windy
656,451,Temperature,%,2020-03-28,Rainy
657,321,SoilMoisture,°C,2020-07-18,Cloudy
658,333,SoilMoisture,pH,2020-12-20,Snowy
659,249,Temperature,°C,2020-09-11,Windy
660,339,Humidity,%,2021-12-02,Rainy
661,361,Humidity,%,2022-03-18,Sunny
662,38,CropHealth,°C,2020-12-10,Windy
663,497,Humidity,pH,2022-02-04,Windy
664,37,Temperature,%,2021-07-15,Snowy
665,297,SoilMoisture,pH,2020-02-18,Sunny
666,342,Humidity,°C,2020-09-21,Sunny
667,109,CropHealth,pH,2020-05-07,Snowy
668,439,Humidity,%,2021-09-30,Cloudy
669,485,SoilMoisture,°C,2022-09-11,Rainy
670,294,Humidity,%,2021-04-15,Cloudy
671,7,Temperature,°C,2020-11-28,Windy
672,481,SoilMoisture,°C,2020-01-15,Cloudy
673,488,CropHealth,pH,2021-09-23,Cloudy
674,254,Humidity,pH,2021-03-09,Rainy
675,314,Humidity,%,2020-08-24,Windy
676,80,Humidity,pH,2021-03-27,Cloudy
677,367,CropHealth,pH,2022-04-13,Windy
678,82,Temperature,pH,2022-06-14,Cloudy
679,309,Humidity,%,2022-12-19,Windy
680,412,SoilMoisture,%,2020-11-26,Cloudy
681,39,CropHealth,°C,2022-01-04,Cloudy
682,433,Humidity,°C,2020-12-04,Windy
683,235,CropHealth,°C,2021-06-12,Snowy
684,151,Temperature,pH,2022-02-27,Cloudy
685,43,Humidity,%,2021-04-13,Windy
686,278,Humidity,%,2022-12-31,Sunny
687,448,Humidity,°C,2020-11-27,Snowy
688,50,Temperature,%,2021-09-06,Sunny
689,190,SoilMoisture,pH,2022-05-08,Snowy
690,432,CropHealth,pH,2020-10-25,Rainy
691,245,Temperature,pH,2021-10-06,Sunny
692,154,Humidity,°C,2021-08-30,Snowy
693,117,Temperature,%,2020-09-03,Snowy
694,170,CropHealth,pH,2020-11-09,Snowy
695,160,Humidity,pH,2022-12-02,Cloudy
696,409,Temperature,°C,2020-11-13,Snowy
697,264,Temperature,pH,2022-05-14,Windy
698,348,SoilMoisture,%,2022-12-10,Windy
699,338,Temperature,°C,2020-06-19,Cloudy
700,340,Temperature,pH,2022-07-22,Windy
701,351,Humidity,°C,2022-08-25,Rainy
702,384,Humidity,pH,2022-02-05,Windy
703,378,Humidity,pH,2021-12-05,Snowy
704,197,CropHealth,pH,2020-04-14,Snowy
705,179,SoilMoisture,%,2021-09-22,Snowy
706,258,Temperature,%,2022-05-12,Windy
707,197,CropHealth,pH,2022-02-01,Windy
708,144,CropHealth,pH,2021-05-19,Rainy
709,398,Humidity,°C,2021-04-01,Windy
710,340,SoilMoisture,°C,2020-01-24,Sunny
711,499,Temperature,%,2021-11-15,Rainy
712,257,SoilMoisture,%,2021-06-13,Sunny
713,53,SoilMoisture,pH,2022-10-17,Rainy
714,278,Temperature,°C,2022-08-31,Rainy
715,470,CropHealth,°C,2022-05-09,Cloudy
716,368,SoilMoisture,°C,2020-09-30,Windy
717,257,Temperature,pH,2020-12-02,Rainy
718,15,CropHealth,%,2021-01-10,Cloudy
719,5,Temperature,%,2021-11-18,Snowy
720,419,Temperature,pH,2020-02-29,Rainy
721,305,SoilMoisture,°C,2022-04-04,Sunny
722,412,Humidity,%,2020-07-05,Rainy
723,267,CropHealth,pH,2022-12-06,Windy
724,133,Humidity,°C,2022-04-08,Cloudy
725,270,Humidity,°C,2022-03-18,Windy
726,15,Humidity,°C,2021-07-23,Sunny
727,377,CropHealth,pH,2020-07-26,Windy
728,357,CropHealth,°C,2021-06-23,Rainy
729,490,Temperature,%,2020-12-01,Windy
730,318,SoilMoisture,pH,2021-06-05,Rainy
731,303,Humidity,pH,2022-01-17,Rainy
732,146,SoilMoisture,%,2020-06-13,Snowy
733,158,Temperature,pH,2022-02-05,Sunny
734,445,SoilMoisture,°C,2020-08-24,Sunny
735,126,CropHealth,pH,2021-08-19,Snowy
736,87,Temperature,°C,2021-09-07,Rainy
737,252,Humidity,pH,2021-06-27,Cloudy
738,179,Temperature,pH,2020-05-12,Snowy
739,388,Temperature,°C,2020-09-25,Cloudy
740,245,SoilMoisture,°C,2020-03-16,Windy
741,10,SoilMoisture,°C,2020-08-19,Windy
742,204,CropHealth,%,2022-05-02,Snowy
743,46,CropHealth,%,2022-04-19,Cloudy
744,15,Temperature,°C,2022-08-29,Snowy
745,287,Temperature,°C,2021-11-01,Cloudy
746,76,Humidity,%,2020-04-08,Windy
747,354,SoilMoisture,%,2020-08-22,Cloudy
748,242,CropHealth,°C,2020-01-13,Sunny
749,434,CropHealth,%,2022-02-19,Snowy
750,96,CropHealth,°C,2020-07-11,Cloudy
751,454,SoilMoisture,°C,2021-07-30,Cloudy
752,148,Humidity,°C,2020-06-24,Rainy
753,205,Temperature,pH,2022-09-09,Windy
754,253,Humidity,%,2022-11-12,Sunny
755,276,CropHealth,%,2020-11-19,Windy
756,428,CropHealth,%,2021-03-08,Cloudy
757,440,Humidity,%,2020-04-19,Cloudy
758,360,SoilMoisture,%,2022-05-28,Rainy
759,214,Temperature,°C,2020-11-04,Windy
760,355,CropHealth,°C,2021-07-09,Rainy
761,153,SoilMoisture,%,2021-12-30,Rainy
762,257,CropHealth,%,2022-03-26,Cloudy
763,108,Temperature,°C,2020-09-10,Rainy
764,305,CropHealth,°C,2020-02-29,Cloudy
765,128,SoilMoisture,pH,2021-05-23,Snowy
766,348,SoilMoisture,%,2021-01-23,Sunny
767,245,SoilMoisture,pH,2022-07-20,Snowy
768,24,Temperature,%,2022-02-01,Snowy
769,452,Temperature,%,2021-09-22,Cloudy
770,477,CropHealth,°C,2022-05-28,Snowy
771,92,Temperature,%,2020-03-27,Sunny
772,84,SoilMoisture,pH,2020-03-21,Rainy
773,175,Temperature,pH,2020-03-13,Windy
774,281,Temperature,pH,2020-06-24,Sunny
775,326,CropHealth,°C,2020-03-05,Cloudy
776,191,Humidity,%,2021-04-26,Snowy
777,204,Temperature,°C,2021-06-29,Snowy
778,26,Temperature,pH,2022-08-20,Rainy
779,81,SoilMoisture,pH,2020-06-09,Rainy
780,388,CropHealth,°C,2022-08-27,Sunny
781,85,Temperature,%,2020-01-30,Cloudy
782,228,Humidity,%,2021-04-09,Sunny
783,25,CropHealth,pH,2021-06-15,Sunny
784,140,CropHealth,%,2020-11-29,Snowy
785,262,CropHealth,°C,2020-01-14,Windy
786,228,Temperature,°C,2020-12-22,Cloudy
787,113,CropHealth,%,2020-03-17,Windy
788,184,Temperature,°C,2021-11-18,Snowy
789,486,Humidity,°C,2022-10-23,Windy
790,263,Humidity,%,2022-05-29,Snowy
791,342,Humidity,°C,2021-11-16,Windy
792,206,Temperature,pH,2020-04-10,Cloudy
793,279,CropHealth,°C,2020-07-16,Snowy
794,194,CropHealth,pH,2020-12-08,Sunny
795,94,Temperature,°C,2020-11-15,Rainy
796,396,SoilMoisture,°C,2020-09-16,Snowy
797,424,Humidity,%,2021-10-03,Windy
798,339,Temperature,%,2020-01-30,Sunny
799,239,Temperature,°C,2020-04-10,Windy
800,266,CropHealth,pH,2021-05-22,Sunny
801,148,SoilMoisture,pH,2020-04-30,Snowy
802,276,Temperature,pH,2020-03-28,Cloudy
803,407,CropHealth,%,2020-11-20,Cloudy
804,269,Temperature,°C,2021-08-04,Rainy
805,78,Humidity,%,2022-09-19,Sunny
806,49,SoilMoisture,°C,2020-12-04,Windy
807,75,SoilMoisture,%,2021-05-08,Rainy
808,379,Humidity,%,2020-04-25,Windy
809,132,SoilMoisture,°C,2022-01-31,Windy
810,170,Humidity,%,2021-09-05,Rainy
811,101,Humidity,%,2022-01-23,Cloudy
812,447,Temperature,°C,2020-11-07,Windy
813,446,SoilMoisture,°C,2020-01-31,Cloudy
814,264,CropHealth,pH,2020-01-11,Rainy
815,54,Temperature,pH,2021-05-14,Sunny
816,403,CropHealth,%,2020-08-19,Rainy
817,83,SoilMoisture,%,2022-07-31,Sunny
818,156,CropHealth,%,2022-10-31,Sunny
819,277,Humidity,%,2022-11-30,Rainy
820,344,CropHealth,%,2021-07-03,Rainy
821,333,Humidity,°C,2022-03-13,Cloudy
822,120,Humidity,%,2021-02-13,Windy
823,147,Temperature,%,2021-08-06,Cloudy
824,470,Humidity,pH,2022-02-18,Cloudy
825,378,CropHealth,%,2022-12-31,Rainy
826,144,CropHealth,%,2021-11-02,Rainy
827,356,Humidity,pH,2021-12-10,Cloudy
828,151,SoilMoisture,°C,2020-04-25,Windy
829,105,Humidity,°C,2020-08-07,Snowy
830,176,Temperature,%,2022-06-05,Snowy
831,278,Humidity,°C,2022-11-21,Windy
832,179,Humidity,pH,2022-01-09,Cloudy
833,209,Humidity,°C,2021-01-31,Rainy
834,301,Humidity,°C,2020-09-14,Rainy
835,379,Temperature,%,2022-07-05,Windy
836,438,SoilMoisture,pH,2021-04-29,Cloudy
837,418,Humidity,pH,2022-03-25,Windy
838,40,Temperature,°C,2020-10-19,Rainy
839,423,Temperature,°C,2022-03-22,Rainy
840,428,Humidity,%,2022-12-23,Sunny
841,125,SoilMoisture,%,2020-06-18,Rainy
842,117,SoilMoisture,pH,2020-01-28,Snowy
843,223,Temperature,pH,2021-05-16,Windy
844,298,Temperature,pH,2021-03-04,Rainy
845,105,CropHealth,°C,2021-09-23,Windy
846,454,CropHealth,pH,2022-12-18,Sunny
847,226,Temperature,°C,2021-05-29,Rainy
848,236,SoilMoisture,°C,2022-10-17,Windy
849,385,Temperature,%,2022-03-02,Cloudy
850,97,Temperature,°C,2021-09-17,Cloudy
851,40,Temperature,pH,2021-02-14,Rainy
852,444,Humidity,pH,2021-11-05,Rainy
853,410,Temperature,pH,2022-08-16,Snowy
854,289,Humidity,°C,2021-06-03,Snowy
855,436,Humidity,pH,2022-05-22,Rainy
856,92,SoilMoisture,%,2021-07-21,Rainy
857,273,Temperature,%,2021-01-23,Cloudy
858,113,CropHealth,pH,2020-04-20,Rainy
859,432,CropHealth,pH,2021-10-04,Cloudy
860,275,Temperature,pH,2020-01-05,Sunny
861,379,Temperature,pH,2022-06-08,Rainy
862,400,Humidity,pH,2020-01-15,Sunny
863,32,CropHealth,°C,2020-04-22,Rainy
864,175,Humidity,%,2022-12-24,Snowy
865,242,Temperature,°C,2021-08-02,Sunny
866,157,Temperature,°C,2020-08-03,Snowy
867,24,Temperature,°C,2021-04-05,Sunny
868,447,Humidity,°C,2022-05-31,Windy
869,301,SoilMoisture,pH,2021-03-05,Sunny
870,360,SoilMoisture,°C,2020-09-18,Rainy
871,311,Humidity,°C,2021-03-22,Snowy
872,467,SoilMoisture,pH,2020-01-10,Windy
873,8,CropHealth,°C,2021-07-08,Snowy
874,155,Humidity,°C,2022-12-04,Snowy
875,177,CropHealth,%,2021-12-29,Windy
876,180,Temperature,%,2020-06-22,Cloudy
877,156,CropHealth,%,2022-04-16,Rainy
878,147,Humidity,pH,2020-10-09,Sunny
879,247,SoilMoisture,%,2020-03-29,Windy
880,270,Temperature,pH,2022-09-30,Rainy
881,4,Humidity,°C,2022-09-27,Sunny
882,73,SoilMoisture,%,2021-01-17,Sunny
883,416,Humidity,pH,2021-08-18,Snowy
884,161,Humidity,%,2020-07-07,Sunny
885,64,Humidity,°C,2022-03-21,Cloudy
886,169,Temperature,%,2021-01-10,Sunny
887,493,CropHealth,pH,2021-03-06,Rainy
888,138,Humidity,pH,2021-07-01,Cloudy
889,410,Humidity,%,2021-08-01,Sunny
890,22,Temperature,pH,2022-05-03,Cloudy
891,323,Humidity,°C,2022-10-21,Snowy
892,62,Temperature,%,2022-03-24,Snowy
893,459,Temperature,pH,2022-10-19,Snowy
894,135,CropHealth,°C,2021-05-02,Windy
895,429,Temperature,%,2022-02-24,Snowy
896,448,Humidity,pH,2020-02-14,Windy
897,2,CropHealth,°C,2020-06-08,Cloudy
898,119,Temperature,°C,2022-04-14,Snowy
899,29,Temperature,pH,2022-03-01,Snowy
900,423,CropHealth,pH,2022-08-15,Cloudy
901,119,CropHealth,%,2021-05-24,Rainy
902,273,CropHealth,pH,2022-04-17,Snowy
903,383,Temperature,%,2022-05-15,Cloudy
904,247,SoilMoisture,%,2022-11-18,Windy
905,495,Humidity,%,2021-11-25,Sunny
906,461,Humidity,°C,2022-09-18,Sunny
907,5,CropHealth,°C,2021-04-18,Windy
908,328,Humidity,°C,2022-10-22,Rainy
909,353,CropHealth,pH,2020-07-07,Windy
910,147,Temperature,°C,2020-12-17,Rainy
911,472,CropHealth,pH,2021-03-27,Cloudy
912,281,CropHealth,pH,2022-02-27,Sunny
913,374,CropHealth,pH,2022-04-05,Snowy
914,313,Temperature,°C,2020-07-26,Snowy
915,254,CropHealth,pH,2021-11-28,Sunny
916,90,CropHealth,%,2021-07-19,Snowy
917,427,CropHealth,°C,2020-03-26,Cloudy
918,73,Temperature,%,2022-12-14,Snowy
919,170,SoilMoisture,°C,2020-11-05,Rainy
920,238,SoilMoisture,%,2021-11-21,Sunny
921,38,CropHealth,%,2022-03-23,Sunny
922,362,Temperature,%,2020-02-18,Rainy
923,410,Temperature,pH,2021-06-21,Rainy
924,63,CropHealth,°C,2021-06-20,Sunny
925,322,Humidity,pH,2020-02-27,Sunny
926,415,Temperature,°C,2020-05-14,Windy
927,266,CropHealth,%,2020-09-13,Snowy
928,395,CropHealth,%,2021-03-24,Cloudy
929,136,Temperature,°C,2021-03-11,Windy
930,134,Temperature,°C,2021-06-12,Cloudy
931,415,SoilMoisture,pH,2021-07-25,Sunny
932,318,Temperature,%,2020-03-01,Windy
933,360,SoilMoisture,pH,2021-03-03,Windy
934,484,CropHealth,pH,2021-01-26,Rainy
935,20,CropHealth,%,2021-01-26,Snowy
936,91,Humidity,pH,2021-06-14,Snowy
937,379,Temperature,°C,2020-06-27,Snowy
938,358,SoilMoisture,°C,2020-09-10,Cloudy
939,248,SoilMoisture,°C,2021-05-24,Windy
940,257,SoilMoisture,pH,2020-05-10,Cloudy
941,140,Temperature,°C,2022-10-02,Rainy
942,372,SoilMoisture,°C,2020-04-02,Windy
943,489,SoilMoisture,%,2020-06-27,Snowy
944,126,CropHealth,pH,2020-01-29,Snowy
945,41,Temperature,%,2022-06-24,Snowy
946,361,Humidity,pH,2021-06-08,Rainy
947,112,SoilMoisture,%,2022-11-27,Windy
948,361,Temperature,°C,2021-03-24,Sunny
949,440,Humidity,pH,2021-05-28,Snowy
950,334,Temperature,°C,2020-03-01,Cloudy
951,396,Humidity,°C,2021-12-29,Rainy
952,466,Humidity,pH,2020-03-05,Sunny
953,270,SoilMoisture,pH,2022-02-13,Sunny
954,297,Humidity,°C,2021-03-06,Snowy
955,107,Temperature,%,2021-08-01,Rainy
956,155,Temperature,%,2022-01-15,Cloudy
957,190,Temperature,°C,2020-06-14,Cloudy
958,36,CropHealth,°C,2021-12-09,Rainy
959,316,SoilMoisture,°C,2020-03-04,Snowy
960,187,CropHealth,pH,2020-02-19,Rainy
961,106,Humidity,pH,2020-04-03,Windy
962,410,SoilMoisture,%,2021-01-03,Windy
963,345,CropHealth,°C,2022-08-10,Sunny
964,12,Humidity,%,2020-12-15,Windy
965,365,SoilMoisture,%,2021-06-26,Cloudy
966,91,Humidity,%,2021-05-08,Windy
967,213,CropHealth,pH,2021-11-29,Sunny
968,180,CropHealth,%,2020-03-21,Rainy
969,88,Temperature,pH,2022-10-31,Snowy
970,305,Temperature,%,2021-12-30,Sunny
971,372,SoilMoisture,pH,2021-05-24,Windy
972,406,Temperature,%,2022-04-05,Windy
973,223,Temperature,°C,2020-08-16,Cloudy
974,105,Temperature,pH,2021-06-14,Snowy
975,193,Temperature,pH,2022-06-04,Windy
976,153,SoilMoisture,pH,2020-06-09,Cloudy
977,310,Temperature,°C,2022-08-27,Cloudy
978,356,Temperature,°C,2021-12-02,Windy
979,55,SoilMoisture,°C,2021-02-14,Snowy
980,27,Humidity,%,2020-10-25,Windy
981,5,Temperature,pH,2022-12-10,Rainy
982,89,Humidity,pH,2021-05-10,Windy
983,138,Humidity,°C,2022-10-01,Windy
984,359,SoilMoisture,%,2020-02-16,Windy
985,83,SoilMoisture,%,2021-10-21,Cloudy
986,138,Temperature,%,2022-07-04,Cloudy
987,194,CropHealth,%,2020-10-10,Windy
988,103,Temperature,pH,2021-01-01,Cloudy
989,215,Temperature,pH,2022-10-22,Rainy
990,409,SoilMoisture,%,2020-04-27,Sunny
991,350,SoilMoisture,pH,2021-10-04,Rainy
992,374,Temperature,pH,2021-07-09,Cloudy
993,324,Temperature,°C,2020-12-31,Snowy
994,119,SoilMoisture,°C,2022-12-17,Cloudy
995,46,SoilMoisture,pH,2021-02-07,Windy
996,145,Humidity,°C,2021-10-15,Snowy
997,146,CropHealth,°C,2021-03-17,Rainy
998,258,CropHealth,°C,2020-12-31,Cloudy
999,177,CropHealth,°C,2021-11-09,Cloudy
1000,254,SoilMoisture,°C,2021-08-24,Cloudy
